Brand,Model,Fuel type,Transmission,First Registration Year,Milleage (kms),Engine Power (PS),Price (EUR)
Mazda,Tribute,Benzin,Schaltgetriebe,06/2001,136000,124.0,1490.0
Kia,Sorento,Diesel,Schaltgetriebe,01/2003,192000,140.0,1900.0
Toyota,RAV 4,Benzin,Schaltgetriebe,01/1998,266000,128.0,2750.0
BMW,X3,Diesel,Schaltgetriebe,06/2005,320000,204.0,3999.0
Ford,Expedition,Benzin,Automatik,07/2005,275500,305.0,4299.0
Opel,Antara,Diesel,Automatik,06/2007,193163,150.0,4490.0
Mitsubishi,Outlander,Benzin,Schaltgetriebe,08/2006,171809,160.0,4500.0
Land Rover,Freelander,Diesel,Automatik,08/2005,186999,109.0,4975.0
BMW,X5,Diesel,Automatik,07/2002,173000,184.0,5680.0
Ford,Kuga,Diesel,Schaltgetriebe,02/2011,310000,140.0,6275.0
Nissan,Murano,Benzin,Automatik,11/2008,138000,256.0,6499.0
Mazda,CX-7,Benzin,Schaltgetriebe,05/2008,157000,260.0,6499.0
Hyundai,Tucson,Diesel,Schaltgetriebe,05/2007,109629,140.0,6570.0
Dacia,Duster,Benzin,Schaltgetriebe,12/2015,69114,125.0,6590.0
Mercedes-Benz,ML 270,Diesel,Automatik,08/2002,168000,163.0,6900.0
Nissan,Qashqai,Benzin,Schaltgetriebe,12/2009,124800,141.0,6980.0
Skoda,Yeti,Benzin,Schaltgetriebe,03/2012,136040,105.0,6980.0
Dacia,Sandero,Benzin,Schaltgetriebe,10/2013,77000,90.0,6990.0
BMW,X5,Diesel,Automatik,08/2004,89449,218.0,6999.0
Kia,Sportage,Autogas (LPG),Schaltgetriebe,07/2008,112088,141.0,6999.0
Kia,Soul,Diesel,Automatik,05/2009,113644,128.0,6999.0
Skoda,Yeti,Benzin,Schaltgetriebe,07/2010,77000,105.0,7490.0
Mitsubishi,Outlander,Diesel,Automatik,06/2011,164993,156.0,7490.0
Volkswagen,Tiguan,Benzin,Schaltgetriebe,09/2010,112049,150.0,7490.0
Volkswagen,Tiguan,Diesel,Automatik,01/2009,229900,140.0,7495.0
Hyundai,iX35,Benzin,Schaltgetriebe,07/2012,150000,135.0,7500.0
Kia,Soul,Benzin,Schaltgetriebe,12/2012,90000,126.0,7699.0
Nissan,Juke,Benzin,Automatik,08/2011,32000,117.0,7799.0
Nissan,Qashqai,Diesel,Schaltgetriebe,10/2011,112000,110.0,7900.0
Volvo,XC90,Diesel,Schaltgetriebe,06/2005,132647,163.0,7950.0
Hyundai,iX35,Benzin,Schaltgetriebe,11/2011,134468,135.0,7990.0
Volkswagen,Tiguan,Benzin,Schaltgetriebe,01/2011,133000,150.0,7990.0
Skoda,Yeti,Benzin,Schaltgetriebe,10/2013,96544,105.0,7990.0
Audi,Q7,Benzin,Automatik,02/2006,168000,349.0,7995.0
Peugeot,2008,Benzin,Schaltgetriebe,07/2013,74920,120.0,8290.0
Volvo,XC60,Diesel,Automatik,03/2009,243100,185.0,8400.0
Citroen,C4 Cactus,Diesel,Automatik,06/2015,110000,92.0,8450.0
Renault,Captur,Benzin,Schaltgetriebe,07/2013,63060,90.0,8470.0
Jeep,Compass,Benzin,Schaltgetriebe,07/2011,126196,163.0,8480.0
Dacia,Duster,Benzin,Schaltgetriebe,11/2015,100471,114.0,8490.0
Nissan,Juke,Benzin,Schaltgetriebe,01/2014,69665,94.0,8690.0
Mazda,CX-7,Diesel,Schaltgetriebe,08/2010,125000,173.0,8700.0
Ford,Kuga,Diesel,Schaltgetriebe,01/2011,152000,140.0,8777.0
Renault,Captur,Benzin,Schaltgetriebe,06/2015,67031,90.0,8780.0
Skoda,Yeti,Diesel,Schaltgetriebe,02/2014,132300,110.0,8791.0
Renault,Captur,Benzin,Schaltgetriebe,03/2015,89500,90.0,8795.0
Volkswagen,Tiguan,Benzin,Schaltgetriebe,08/2012,120100,122.0,8800.0
Skoda,Yeti,Benzin,Schaltgetriebe,06/2012,126796,122.0,8880.0
Nissan,Juke,Diesel,Schaltgetriebe,10/2015,128900,110.0,8888.0
Hyundai,iX35,Benzin,Automatik,09/2011,104082,163.0,8900.0
Dacia,Duster,Benzin,Schaltgetriebe,04/2012,104130,105.0,8945.0
BMW,X1,Diesel,Automatik,01/2011,233200,177.0,8980.0
Hyundai,Tucson,Diesel,Schaltgetriebe,04/2012,81400,116.0,8980.0
Nissan,Qashqai,Benzin,Schaltgetriebe,02/2012,86270,117.0,8990.0
Peugeot,2008,Diesel,Schaltgetriebe,05/2013,61300,114.0,8990.0
Dacia,Duster,Benzin,Schaltgetriebe,07/2015,60055,105.0,8990.0
Fiat,Panda,Diesel,Schaltgetriebe,12/2014,74600,75.0,8990.0
Mercedes-Benz,ML 320,Diesel,Automatik,01/2006,185667,224.0,8990.0
Dacia,Duster,Diesel,Schaltgetriebe,05/2015,80310,110.0,8990.0
Ford,EcoSport,Benzin,Schaltgetriebe,11/2014,67000,111.0,8995.0
Porsche,Cayenne,Benzin,Automatik,04/2003,144900,340.0,8998.0
Chevrolet,Captiva,Benzin,Schaltgetriebe,07/2012,81182,167.0,8999.0
Nissan,Qashqai,Benzin,Schaltgetriebe,03/2012,125000,141.0,8999.0
Nissan,Juke,Benzin,Schaltgetriebe,02/2013,56000,117.0,8999.0
Nissan,Qashqai,Benzin,Schaltgetriebe,09/2014,150000,116.0,8999.0
Opel,Mokka X,Benzin,Schaltgetriebe,10/2012,86240,140.0,9069.0
Hyundai,iX35,Benzin,Schaltgetriebe,04/2013,94800,135.0,9180.0
Dacia,Duster,Benzin,Schaltgetriebe,-/- (Erstzulassung),100,101.0,9202.0
Dacia,Duster,Benzin,Schaltgetriebe,-/- (Erstzulassung),100,101.0,9202.0
Ford,EcoSport,Benzin,Schaltgetriebe,02/2015,103371,125.0,9290.0
Skoda,Yeti,Benzin,Schaltgetriebe,05/2013,70800,122.0,9330.0
Ford,EcoSport,Benzin,Schaltgetriebe,11/2014,93154,125.0,9370.0
Volkswagen,Tiguan,Diesel,Automatik,12/2010,135000,140.0,9400.0
Renault,Captur,Benzin,Schaltgetriebe,10/2015,80000,90.0,9400.0
Dacia,Duster,Benzin,Schaltgetriebe,-/- (Erstzulassung),100,101.0,9463.0
Mitsubishi,ASX,Benzin,Schaltgetriebe,02/2015,130800,117.0,9480.0
Kia,Sportage,Benzin,Schaltgetriebe,07/2011,109568,135.0,9490.0
Kia,Sportage,Benzin,Schaltgetriebe,01/2011,63000,135.0,9490.0
Volvo,XC90,Diesel,Schaltgetriebe,03/2008,188050,185.0,9490.0
Hyundai,iX35,Diesel,Schaltgetriebe,10/2013,121550,116.0,9650.0
Renault,Captur,Benzin,Schaltgetriebe,11/2015,49000,90.0,9700.0
Renault,Captur,Diesel,Schaltgetriebe,01/2014,86705,90.0,9740.0
Dacia,Duster,Benzin,Schaltgetriebe,-/- (Erstzulassung),1,101.0,9740.0
Opel,Mokka,Diesel,Schaltgetriebe,03/2013,87700,131.0,9760.0
Ford,EcoSport,Benzin,Schaltgetriebe,02/2016,78000,125.0,9850.0
Volkswagen,Tiguan,Diesel,Schaltgetriebe,02/2012,145744,110.0,9890.0
Peugeot,2008,Benzin,Schaltgetriebe,07/2014,50000,120.0,9890.0
Nissan,Qashqai,Benzin,Schaltgetriebe,03/2011,23400,117.0,9900.0
Nissan,Juke,Benzin,Schaltgetriebe,06/2013,63028,117.0,9940.0
Nissan,Qashqai,Benzin,Automatik,03/2012,81200,141.0,9950.0
Skoda,Yeti,Benzin,Schaltgetriebe,05/2013,72985,122.0,9970.0
Kia,Sportage,Diesel,Schaltgetriebe,04/2011,124000,116.0,9979.0
Mitsubishi,ASX,Diesel,Schaltgetriebe,10/2012,84155,150.0,9980.0
Peugeot,2008,Diesel,Schaltgetriebe,09/2015,118940,120.0,9980.0
Citroen,C4 Cactus,Benzin,Schaltgetriebe,09/2015,56811,110.0,9980.0
BMW,X3,Benzin,Automatik,08/2006,116500,192.0,9990.0
Renault,Captur,Diesel,Schaltgetriebe,08/2015,105528,110.0,9990.0
Nissan,Qashqai,Benzin,Automatik,01/2009,37200,141.0,9990.0
Dacia,Duster,Benzin,Schaltgetriebe,04/2014,50116,105.0,9990.0
BMW,X3,Benzin,Schaltgetriebe,07/2008,101000,150.0,9990.0
Dacia,Duster,Benzin,Schaltgetriebe,02/2016,82668,125.0,9990.0
Dacia,Sandero,Diesel,Automatik,08/2017,77496,90.0,9990.0
Nissan,Qashqai,Diesel,Schaltgetriebe,09/2012,88550,131.0,9990.0
Skoda,Yeti,Benzin,Schaltgetriebe,11/2012,74499,105.0,9990.0
BMW,X1,Diesel,Schaltgetriebe,01/2013,144900,163.0,9990.0
Renault,Captur,Diesel,Schaltgetriebe,03/2014,63289,90.0,9990.0
Skoda,Yeti,Benzin,Schaltgetriebe,07/2012,51662,122.0,9990.0
Mercedes-Benz,ML 350,Benzin,Automatik,02/2006,188162,272.0,9990.0
Nissan,Qashqai,Benzin,Schaltgetriebe,06/2016,170000,116.0,9999.0
Fiat,Freemont,Diesel,Schaltgetriebe,02/2012,143808,170.0,9999.0
Ford,EcoSport,Benzin,Schaltgetriebe,03/2015,46918,125.0,10200.0
Opel,Mokka,Benzin,Schaltgetriebe,06/2016,73118,140.0,10289.0
MINI,Cooper Countryman,Benzin,Schaltgetriebe,06/2012,91696,122.0,10400.0
Volkswagen,Touareg,Diesel,Automatik,01/2007,218165,224.0,10429.0
Fiat,500X,Benzin,Schaltgetriebe,06/2015,102086,140.0,10480.0
Hyundai,iX35,Benzin,Schaltgetriebe,01/2014,65405,135.0,10489.0
Opel,Mokka,Benzin,Schaltgetriebe,06/2014,106000,140.0,10490.0
Kia,Sportage,Benzin,Schaltgetriebe,12/2012,79978,135.0,10490.0
Opel,Mokka,Benzin,Schaltgetriebe,08/2016,59000,116.0,10490.0
Opel,Mokka,Diesel,Schaltgetriebe,06/2014,99107,131.0,10490.0
Peugeot,2008,Benzin,Schaltgetriebe,04/2016,30150,82.0,10490.0
Land Rover,Freelander,Diesel,Schaltgetriebe,05/2008,120084,152.0,10490.0
Renault,Captur,Benzin,Schaltgetriebe,06/2016,36059,90.0,10490.0
BMW,X1,Diesel,Schaltgetriebe,06/2012,127900,177.0,10490.0
Fiat,Freemont,Diesel,Schaltgetriebe,01/2012,87127,170.0,10490.0
Suzuki,SX4 S-Cross,Benzin,Schaltgetriebe,10/2014,27800,120.0,10497.0
BMW,X1,Benzin,Schaltgetriebe,09/2011,127440,150.0,10590.0
Kia,Sportage,Benzin,Schaltgetriebe,05/2013,53800,135.0,10680.0
Mercedes-Benz,GLK 200,Diesel,Schaltgetriebe,05/2011,191500,143.0,10680.0
Opel,Mokka,Benzin,Schaltgetriebe,09/2014,16300,116.0,10680.0
Chevrolet,Captiva,Diesel,Automatik,04/2012,120211,184.0,10689.0
Ford,EcoSport,Benzin,Schaltgetriebe,03/2016,57371,125.0,10690.0
Mitsubishi,ASX,Benzin,Schaltgetriebe,10/2015,71500,117.0,10780.0
Opel,Mokka,Benzin,Schaltgetriebe,06/2013,96530,140.0,10790.0
MINI,Cooper Countryman,Benzin,Schaltgetriebe,01/2014,71690,122.0,10790.0
Skoda,Yeti,Diesel,Schaltgetriebe,03/2017,134600,110.0,10790.0
Kia,Sportage,Benzin,Schaltgetriebe,08/2011,89281,163.0,10797.0
Renault,Koleos,Diesel,Schaltgetriebe,06/2015,109000,150.0,10850.0
Hyundai,iX35,Diesel,Schaltgetriebe,07/2015,62180,116.0,10860.0
Ford,Kuga,Diesel,Automatik,09/2012,125000,163.0,10870.0
Ford,EcoSport,Diesel,Schaltgetriebe,02/2017,59615,95.0,10870.0
Ford,Ranger,Diesel,Schaltgetriebe,08/2009,118610,143.0,10880.0
Opel,Mokka,Benzin,Schaltgetriebe,04/2013,67740,140.0,10897.0
Nissan,Juke,Benzin,Automatik,09/2014,46500,117.0,10900.0
Ford,EcoSport,Benzin,Schaltgetriebe,09/2015,43646,111.0,10900.0
Audi,Q5,Benzin,Schaltgetriebe,10/2009,177653,211.0,10950.0
Dacia,Duster,Diesel,Schaltgetriebe,06/2016,72000,109.0,10970.0
Ford,Kuga,Diesel,Automatik,06/2011,69513,140.0,10980.0
Mercedes-Benz,ML 320,Diesel,Automatik,01/2008,156911,224.0,10980.0
Nissan,Qashqai,Benzin,Schaltgetriebe,01/2016,116420,116.0,10980.0
Renault,Captur,Benzin,Schaltgetriebe,03/2016,46052,90.0,10980.0
Renault,Captur,Benzin,Schaltgetriebe,04/2016,44266,90.0,10980.0
Nissan,Qashqai,Diesel,Schaltgetriebe,11/2013,143000,131.0,10980.0
Skoda,Yeti,Benzin,Automatik,08/2015,71900,110.0,10980.0
Skoda,Yeti,Benzin,Schaltgetriebe,11/2015,101819,110.0,10980.0
Mazda,CX-5,Diesel,Schaltgetriebe,08/2012,148920,150.0,10985.0
Fiat,500X,Benzin,Schaltgetriebe,04/2016,83000,140.0,10989.0
Chevrolet,Trax,Benzin,Schaltgetriebe,10/2013,37850,140.0,10990.0
Kia,Sportage,Diesel,Schaltgetriebe,08/2015,128779,136.0,10990.0
Volkswagen,Tiguan,Diesel,Schaltgetriebe,02/2014,101463,110.0,10990.0
Mercedes-Benz,GLK 220,Diesel,Automatik,11/2010,219153,170.0,10990.0
Nissan,Juke,Benzin,Automatik,09/2014,90428,117.0,10990.0
Peugeot,2008,Benzin,Schaltgetriebe,05/2017,46097,82.0,10990.0
Ford,Kuga,Benzin,Schaltgetriebe,11/2013,132200,150.0,10990.0
Mitsubishi,ASX,Benzin,Schaltgetriebe,08/2015,54573,117.0,10990.0
Ford,Kuga,Diesel,Schaltgetriebe,08/2012,99000,140.0,10999.0
Skoda,Yeti,Diesel,Automatik,10/2014,79000,105.0,10999.0
Peugeot,2008,Benzin,Schaltgetriebe,05/2018,19286,82.0,11190.0
Renault,Captur,Benzin,Automatik,09/2014,55000,120.0,11230.0
Dacia,Sandero,Benzin,Schaltgetriebe,-/- (Erstzulassung),100,101.0,11344.0
Nissan,Qashqai,Benzin,Schaltgetriebe,10/2013,70500,117.0,11345.0
Opel,Mokka,Diesel,Schaltgetriebe,07/2016,77200,110.0,11350.0
Suzuki,Jimny,Benzin,Schaltgetriebe,12/2011,33500,86.0,11400.0
Volkswagen,Tiguan,Benzin,Schaltgetriebe,07/2012,81298,160.0,11435.0
BMW,X1,Benzin,Schaltgetriebe,10/2010,73649,150.0,11450.0
Volkswagen,Tiguan,Benzin,Automatik,03/2009,126300,200.0,11480.0
Jeep,Compass,Diesel,Schaltgetriebe,10/2013,74087,163.0,11490.0
Renault,Captur,Diesel,Schaltgetriebe,11/2015,52610,110.0,11490.0
Mercedes-Benz,GLK 280,Benzin,Automatik,08/2008,139987,231.0,11490.0
Peugeot,2008,Benzin,Schaltgetriebe,04/2017,33900,82.0,11490.0
Peugeot,2008,Benzin,Schaltgetriebe,06/2016,40657,110.0,11490.0
Peugeot,2008,Benzin,Schaltgetriebe,11/2017,19587,82.0,11490.0
Nissan,Qashqai,Benzin,Schaltgetriebe,06/2014,99330,116.0,11490.0
Volkswagen,Tiguan,Benzin,Schaltgetriebe,06/2013,63245,160.0,11498.0
Renault,Captur,Diesel,Schaltgetriebe,06/2016,38000,110.0,11570.0
Dacia,Sandero,Autogas (LPG),Schaltgetriebe,-/- (Erstzulassung),100,101.0,11571.0
Dacia,Duster,Benzin,Schaltgetriebe,07/2017,63509,125.0,11590.0
Hyundai,iX35,Benzin,Schaltgetriebe,04/2015,58000,135.0,11670.0
Nissan,Qashqai,Benzin,Automatik,07/2013,82500,141.0,11690.0
Skoda,Yeti,Benzin,Schaltgetriebe,07/2015,63950,105.0,11706.0
Renault,Captur,Diesel,Automatik,03/2016,64920,90.0,11745.0
Volkswagen,Tiguan,Diesel,Automatik,04/2013,95100,140.0,11750.0
SsangYong,REXTON,Diesel,Schaltgetriebe,02/2015,140000,155.0,11800.0
SsangYong,Korando,Diesel,Automatik,05/2015,71998,175.0,11800.0
Hyundai,iX35,Diesel,Automatik,09/2013,140185,184.0,11800.0
Opel,Mokka,Benzin,Schaltgetriebe,02/2015,59313,140.0,11850.0
Renault,Captur,Diesel,Schaltgetriebe,05/2018,52665,90.0,11870.0
Hyundai,Tucson,Diesel,Schaltgetriebe,12/2015,61640,116.0,11880.0
Hyundai,iX35,Benzin,Schaltgetriebe,09/2015,57500,135.0,11890.0
Opel,Mokka X,Benzin,Schaltgetriebe,07/2018,60000,120.0,11899.0
Renault,Captur,Benzin,Automatik,11/2016,53400,114.0,11900.0
Suzuki,Grand Vitara,Diesel,Schaltgetriebe,01/2014,125000,129.0,11900.0
Kia,Stonic,Benzin,Schaltgetriebe,12/2017,45157,84.0,11900.0
Ford,EcoSport,Benzin,Schaltgetriebe,04/2016,43275,125.0,11900.0
Nissan,X-Trail,Diesel,Schaltgetriebe,02/2016,87024,131.0,11940.0
Opel,Crossland X,Benzin,Schaltgetriebe,10/2018,38500,83.0,11944.0
Jeep,Renegade,Benzin,Schaltgetriebe,11/2014,86033,140.0,11950.0
Opel,Crossland X,Benzin,Schaltgetriebe,10/2018,43900,83.0,11977.0
BMW,X1,Diesel,Automatik,10/2014,107560,143.0,11980.0
Kia,Sportage,Benzin,Schaltgetriebe,04/2014,95138,163.0,11980.0
Citroen,C4 Aircross,Diesel,Schaltgetriebe,05/2017,58200,114.0,11985.0
BMW,X3,Diesel,Schaltgetriebe,08/2010,118000,143.0,11990.0
Nissan,Qashqai,Diesel,Schaltgetriebe,04/2016,113000,110.0,11990.0
Hyundai,iX35,Benzin,Schaltgetriebe,05/2014,65850,135.0,11990.0
Skoda,Yeti,Benzin,Schaltgetriebe,12/2014,63805,122.0,11990.0
Skoda,Yeti,Diesel,Automatik,10/2011,80994,140.0,11990.0
Renault,Captur,Diesel,Schaltgetriebe,06/2018,60813,90.0,11990.0
Ford,EcoSport,Benzin,Schaltgetriebe,06/2017,25066,125.0,11990.0
BMW,X3,Benzin,Schaltgetriebe,06/2008,142700,272.0,11990.0
Volkswagen,Tiguan,Benzin,Schaltgetriebe,08/2013,61307,122.0,11990.0
Hyundai,iX35,Benzin,Schaltgetriebe,07/2014,99181,135.0,11990.0
Peugeot,2008,Benzin,Schaltgetriebe,04/2016,65360,110.0,11990.0
Ford,EcoSport,Benzin,Schaltgetriebe,05/2016,56000,125.0,11990.0
BMW,X5,Benzin,Automatik,04/2008,209140,272.0,11990.0
Honda,CR-V,Benzin,Schaltgetriebe,11/2011,59610,150.0,11990.0
Mitsubishi,ASX,Benzin,Schaltgetriebe,03/2016,82363,117.0,11990.0
Volkswagen,Tiguan,Benzin,Schaltgetriebe,03/2012,79500,160.0,11990.0
Hyundai,iX35,Benzin,Schaltgetriebe,08/2012,75600,135.0,11990.0
Porsche,Cayenne,Benzin,Automatik,04/2007,119800,340.0,11998.0
Nissan,Qashqai,Benzin,Schaltgetriebe,11/2015,25000,116.0,11999.0
Renault,Captur,Diesel,Schaltgetriebe,04/2017,64264,110.0,12190.0
Nissan,X-Trail,Benzin,Schaltgetriebe,02/2017,56493,163.0,12220.0
Mazda,CX-3,Benzin,Schaltgetriebe,07/2016,34400,120.0,12290.0
Audi,Q5,Diesel,Schaltgetriebe,12/2008,100000,170.0,12290.0
Dacia,Duster,Autogas (LPG),Schaltgetriebe,05/2020,1,101.0,12295.0
Jeep,Compass,Diesel,Schaltgetriebe,04/2013,88590,163.0,12300.0
Dacia,Duster,Autogas (LPG),Schaltgetriebe,-/- (Erstzulassung),1,101.0,12310.0
Kia,Stonic,Benzin,Schaltgetriebe,-/- (Erstzulassung),100,84.0,12370.0
Volkswagen,Tiguan,Diesel,Automatik,06/2012,116352,140.0,12380.0
Hyundai,iX35,Diesel,Schaltgetriebe,08/2015,68800,116.0,12390.0
Opel,Mokka X,Benzin,Schaltgetriebe,06/2017,72682,140.0,12390.0
Ford,Kuga,Diesel,Schaltgetriebe,10/2014,118300,163.0,12390.0
Opel,Mokka,Benzin,Schaltgetriebe,07/2016,34000,116.0,12390.0
Audi,Q3,Diesel,Schaltgetriebe,07/2012,119835,140.0,12400.0
Volkswagen,Tiguan,Diesel,Schaltgetriebe,09/2013,106580,110.0,12440.0
Kia,Sportage,Diesel,Schaltgetriebe,01/2014,103495,136.0,12440.0
Nissan,Juke,Benzin,Automatik,10/2015,18935,117.0,12440.0
Kia,Sportage,Diesel,Automatik,09/2011,104470,184.0,12440.0
Opel,Mokka X,Benzin,Schaltgetriebe,04/2017,40708,116.0,12450.0
Hyundai,iX35,Diesel,Schaltgetriebe,02/2015,72876,136.0,12470.0
BMW,X1,Diesel,Automatik,03/2014,79899,143.0,12490.0
BMW,X1,Diesel,Schaltgetriebe,09/2013,66235,163.0,12490.0
Ford,Kuga,Benzin,Schaltgetriebe,09/2016,54554,120.0,12490.0
Opel,Mokka,Diesel,Automatik,09/2015,107849,136.0,12490.0
Ford,EcoSport,Benzin,Schaltgetriebe,01/2016,38647,125.0,12490.0
Peugeot,4008,Diesel,Schaltgetriebe,09/2012,51350,114.0,12490.0
Kia,Sportage,Benzin,Schaltgetriebe,08/2011,75152,135.0,12490.0
Jeep,Renegade,Benzin,Schaltgetriebe,12/2014,65000,140.0,12490.0
Ford,Kuga,Benzin,Automatik,11/2011,93000,200.0,12499.0
Fiat,500X,Diesel,Schaltgetriebe,12/2015,60900,120.0,12500.0
Mitsubishi,ASX,Benzin,Schaltgetriebe,05/2015,54700,117.0,12500.0
SsangYong,Tivoli,Diesel,Schaltgetriebe,08/2017,16125,116.0,12663.0
Opel,Mokka,Benzin,Automatik,06/2014,64351,140.0,12666.0
Nissan,Qashqai,Benzin,Schaltgetriebe,07/2014,59000,116.0,12690.0
Renault,Captur,Benzin,Schaltgetriebe,05/2019,14290,90.0,12690.0
Opel,Crossland X,Benzin,Schaltgetriebe,-/- (Erstzulassung),1,82.0,12730.0
Volkswagen,Tiguan,Benzin,Schaltgetriebe,06/2015,98180,122.0,12740.0
Subaru,XV,Diesel,Schaltgetriebe,01/2015,72487,147.0,12744.0
Volkswagen,Tiguan,Benzin,Schaltgetriebe,01/2015,81200,122.0,12779.0
Renault,Captur,Benzin,Schaltgetriebe,12/2019,100,90.0,12780.0
Nissan,Qashqai,Benzin,Automatik,03/2012,58000,141.0,12780.0
Hyundai,iX35,Benzin,Automatik,08/2015,57610,135.0,12790.0
Renault,Captur,Diesel,Automatik,06/2017,40399,90.0,12790.0
Opel,Crossland X,Diesel,Schaltgetriebe,06/2017,54100,120.0,12790.0
Mitsubishi,ASX,Benzin,Schaltgetriebe,04/2017,53600,117.0,12850.0
Volkswagen,Tiguan,Benzin,Schaltgetriebe,02/2014,43888,122.0,12870.0
Volkswagen,Tiguan,Diesel,Automatik,05/2014,205300,140.0,12888.0
Kia,Sportage,Diesel,Schaltgetriebe,07/2015,73500,116.0,12890.0
Renault,Captur,Diesel,Automatik,07/2014,53028,90.0,12890.0
Renault,Captur,Diesel,Automatik,11/2016,46000,90.0,12890.0
Kia,Stonic,Benzin,Schaltgetriebe,02/2018,26714,84.0,12890.0
Ford,Kuga,Diesel,Schaltgetriebe,03/2017,142000,150.0,12899.0
Kia,Stonic,Benzin,Schaltgetriebe,09/2018,35185,101.0,12900.0
Opel,Mokka,Benzin,Schaltgetriebe,04/2016,54679,140.0,12930.0
Suzuki,SX4 S-Cross,Benzin,Schaltgetriebe,06/2016,76523,120.0,12950.0
Kia,Sportage,Benzin,Schaltgetriebe,04/2015,51015,135.0,12950.0
Fiat,500X,Benzin,Schaltgetriebe,03/2017,32500,110.0,12950.0
Opel,Mokka X,Benzin,Schaltgetriebe,04/2018,17237,140.0,12950.0
Hyundai,Tucson,Benzin,Schaltgetriebe,01/2016,91892,132.0,12980.0
BMW,X1,Diesel,Schaltgetriebe,11/2014,107000,143.0,12980.0
Ford,EcoSport,Benzin,Schaltgetriebe,07/2016,28748,125.0,12980.0
Skoda,Yeti,Benzin,Schaltgetriebe,03/2015,62039,122.0,12980.0
Mazda,CX-5,Diesel,Automatik,01/2013,127500,175.0,12980.0
Renault,Kadjar,Diesel,Schaltgetriebe,01/2017,53617,131.0,12980.0
Fiat,500,Benzin,Schaltgetriebe,10/2016,14303,110.0,12980.0
Renault,Captur,Benzin,Schaltgetriebe,11/2017,89200,118.0,12987.0
Opel,Mokka X,Benzin,Schaltgetriebe,09/2018,51850,120.0,12987.0
Opel,Mokka X,Benzin,Schaltgetriebe,09/2018,51900,120.0,12987.0
Opel,Mokka,Diesel,Automatik,01/2016,85424,136.0,12989.0
Kia,Sportage,Benzin,Schaltgetriebe,03/2014,85218,135.0,12990.0
BMW,X1,Diesel,Schaltgetriebe,02/2012,124876,177.0,12990.0
MINI,Cooper S Countryman,Benzin,Automatik,08/2011,100000,184.0,12990.0
Ford,EcoSport,Benzin,Schaltgetriebe,05/2019,34323,101.0,12990.0
Opel,Mokka,Diesel,Schaltgetriebe,02/2015,72400,131.0,12990.0
Kia,Sportage,Benzin,Automatik,07/2013,113300,163.0,12990.0
Renault,Captur,Benzin,Schaltgetriebe,08/2019,14082,90.0,12990.0
Fiat,500X,Benzin,Schaltgetriebe,10/2015,62697,140.0,12990.0
Renault,Kadjar,Benzin,Schaltgetriebe,06/2015,68809,131.0,12990.0
Volkswagen,Tiguan,Benzin,Schaltgetriebe,04/2012,78721,160.0,12990.0
Honda,CR-V,Benzin,Schaltgetriebe,09/2013,48876,155.0,12990.0
Opel,Crossland X,Benzin,Schaltgetriebe,04/2019,38321,82.0,12990.0
Volkswagen,Tiguan,Benzin,Schaltgetriebe,09/2013,109800,160.0,12990.0
Opel,Mokka,Diesel,Schaltgetriebe,06/2015,71085,136.0,12990.0
Mitsubishi,ASX,Benzin,Schaltgetriebe,02/2015,52962,117.0,12990.0
Renault,Captur,Benzin,Schaltgetriebe,02/2018,17657,90.0,12990.0
Opel,Crossland X,Benzin,Schaltgetriebe,10/2018,36900,83.0,12991.0
Volkswagen,Tiguan,Benzin,Automatik,08/2011,125000,179.0,12997.0
Skoda,Yeti,Benzin,Schaltgetriebe,09/2014,51860,122.0,12997.0
BMW,X1,Diesel,Automatik,04/2014,98000,143.0,12999.0
Kia,Sportage,Diesel,Automatik,10/2012,60000,184.0,12999.0
Hyundai,iX35,Benzin,Schaltgetriebe,04/2015,63000,135.0,12999.0
Jeep,Renegade,Benzin,Schaltgetriebe,08/2015,35500,110.0,13000.0
Dacia,Duster,Benzin,Schaltgetriebe,-/- (Erstzulassung),10,101.0,13106.0
Dacia,Duster,Benzin,Schaltgetriebe,-/- (Erstzulassung),10,101.0,13106.0
Dacia,Duster,Benzin,Schaltgetriebe,08/2019,100,114.0,13190.0
Fiat,500X,Benzin,Automatik,04/2016,57010,140.0,13190.0
Opel,Crossland X,Benzin,Schaltgetriebe,-/- (Erstzulassung),1,82.0,13200.0
Kia,Stonic,Benzin,Schaltgetriebe,-/- (Erstzulassung),5,84.0,13247.0
Renault,Captur,Benzin,Schaltgetriebe,03/2019,12174,131.0,13274.0
Opel,Mokka,Benzin,Schaltgetriebe,03/2014,83600,140.0,13290.0
Opel,Crossland X,Benzin,Schaltgetriebe,-/- (Erstzulassung),100,82.0,13327.0
Volkswagen,Tiguan,Benzin,Schaltgetriebe,03/2015,76247,122.0,13333.0
Volkswagen,Tiguan,Benzin,Schaltgetriebe,01/2014,71773,160.0,13370.0
Renault,Kadjar,Diesel,Schaltgetriebe,01/2017,93464,131.0,13379.0
Renault,Kadjar,Diesel,Schaltgetriebe,03/2017,87413,131.0,13379.0
Renault,Kadjar,Diesel,Schaltgetriebe,04/2017,75787,131.0,13379.0
Hyundai,iX35,Benzin,Schaltgetriebe,03/2015,73456,166.0,13390.0
Dacia,Duster,Benzin,Schaltgetriebe,-/- (Erstzulassung),10,101.0,13398.0
Opel,Mokka,Diesel,Automatik,02/2016,65140,136.0,13440.0
Nissan,Qashqai,Benzin,Schaltgetriebe,03/2016,36053,116.0,13440.0
Renault,Kadjar,Benzin,Schaltgetriebe,11/2016,35191,131.0,13440.0
SEAT,Ateca,Benzin,Schaltgetriebe,10/2017,65802,116.0,13440.0
Renault,Captur,Benzin,Schaltgetriebe,08/2019,10,90.0,13445.0
Renault,Captur,Benzin,Schaltgetriebe,08/2019,10,90.0,13445.0
Opel,Mokka,Benzin,Schaltgetriebe,12/2015,53528,140.0,13445.0
Renault,Captur,Benzin,Schaltgetriebe,08/2019,10,90.0,13445.0
BMW,X1,Benzin,Automatik,10/2011,95990,184.0,13450.0
Opel,Mokka X,Benzin,Schaltgetriebe,09/2018,11220,120.0,13450.0
Opel,Mokka,Diesel,Automatik,05/2014,71017,131.0,13450.0
Ford,EcoSport,Benzin,Schaltgetriebe,05/2016,48200,140.0,13460.0
Volkswagen,Tiguan,Diesel,Schaltgetriebe,09/2014,69416,110.0,13469.0
Volkswagen,Tiguan,Benzin,Schaltgetriebe,03/2015,68000,122.0,13470.0
Dacia,Duster,Benzin,Schaltgetriebe,08/2020,1000,101.0,13480.0
Ford,Kuga,Diesel,Schaltgetriebe,08/2017,145909,150.0,13480.0
Renault,Captur,Benzin,Schaltgetriebe,09/2019,12849,90.0,13480.0
Renault,Captur,Benzin,Schaltgetriebe,03/2019,5911,131.0,13480.0
Renault,Kadjar,Diesel,Schaltgetriebe,04/2017,87086,131.0,13480.0
Skoda,Yeti,Diesel,Schaltgetriebe,12/2016,80006,110.0,13480.0
Ford,EcoSport,Diesel,Schaltgetriebe,08/2017,31299,95.0,13480.0
Mitsubishi,ASX,Benzin,Schaltgetriebe,09/2016,41519,117.0,13490.0
Peugeot,2008,Benzin,Schaltgetriebe,03/2017,51649,131.0,13490.0
Hyundai,iX35,Benzin,Automatik,01/2014,80200,163.0,13490.0
Opel,Mokka X,Benzin,Schaltgetriebe,11/2016,49809,140.0,13490.0
Peugeot,3008,Diesel,Automatik,04/2016,70110,120.0,13490.0
Renault,Captur,Benzin,Schaltgetriebe,11/2016,9212,118.0,13490.0
Kia,Sportage,Benzin,Schaltgetriebe,10/2015,38166,166.0,13490.0
Jeep,Renegade,Benzin,Schaltgetriebe,07/2016,74466,140.0,13490.0
Hyundai,Tucson,Diesel,Schaltgetriebe,06/2016,97800,116.0,13490.0
Renault,Captur,Benzin,Schaltgetriebe,05/2019,14333,90.0,13490.0
BMW,X1,Benzin,Schaltgetriebe,06/2012,83473,184.0,13490.0
Opel,Crossland X,Benzin,Schaltgetriebe,-/- (Erstzulassung),1,82.0,13490.0
Renault,Kadjar,Benzin,Schaltgetriebe,01/2018,11478,131.0,13490.0
Ford,Kuga,Benzin,Schaltgetriebe,02/2017,46948,120.0,13490.0
Suzuki,Ignis,Elektro/Benzin,Schaltgetriebe,07/2020,15,90.0,13490.0
Suzuki,Ignis,Elektro/Benzin,Schaltgetriebe,07/2020,15,90.0,13490.0
Toyota,RAV 4,Diesel,Schaltgetriebe,03/2014,76692,150.0,13490.0
Renault,Kadjar,Diesel,Schaltgetriebe,12/2015,69000,131.0,13490.0
Renault,Captur,Diesel,Schaltgetriebe,07/2018,22200,90.0,13490.0
Dacia,Duster,Benzin,Schaltgetriebe,-/- (Erstzulassung),100,101.0,13499.0
Dacia,Duster,Benzin,Schaltgetriebe,04/2019,4999,114.0,13499.0
Dacia,Duster,Benzin,Schaltgetriebe,-/- (Erstzulassung),100,101.0,13500.0
Kia,Stonic,Benzin,Schaltgetriebe,-/- (Erstzulassung),1,84.0,13500.0
SsangYong,Tivoli,Benzin,Schaltgetriebe,03/2018,17400,128.0,13500.0
Opel,Crossland X,Benzin,Schaltgetriebe,04/2019,44150,83.0,13571.0
Dacia,Duster,Benzin,Schaltgetriebe,-/- (Erstzulassung),100,131.0,13575.0
Volkswagen,Tiguan,Diesel,Automatik,04/2014,119695,140.0,13580.0
Hyundai,iX35,Benzin,Schaltgetriebe,07/2015,39520,135.0,13585.0
Dacia,Duster,Autogas (LPG),Schaltgetriebe,-/- (Erstzulassung),250,101.0,13589.0
BMW,X1,Diesel,Schaltgetriebe,10/2013,57153,116.0,13590.0
Skoda,Yeti,Benzin,Automatik,03/2014,84500,122.0,13590.0
Hyundai,Tucson,Benzin,Schaltgetriebe,04/2016,55080,132.0,13598.0
Hyundai,Tucson,Diesel,Schaltgetriebe,12/2015,89110,136.0,13619.0
Mazda,CX-5,Benzin,Schaltgetriebe,11/2012,104118,160.0,13678.0
Opel,Mokka,Benzin,Automatik,12/2013,40950,140.0,13690.0
Opel,Crossland X,Benzin,Schaltgetriebe,08/2017,30890,131.0,13750.0
Opel,Mokka,Benzin,Schaltgetriebe,06/2016,46379,140.0,13770.0
Opel,Mokka,Benzin,Schaltgetriebe,12/2014,43723,140.0,13780.0
Renault,Captur,Benzin,Schaltgetriebe,10/2019,17724,90.0,13790.0
Renault,Captur,Benzin,Schaltgetriebe,10/2019,14102,90.0,13790.0
Renault,Captur,Benzin,Schaltgetriebe,10/2019,20749,90.0,13790.0
